{"cameraMode":{"drawMode":0,"name":"Shaded","section":"Shading Mode"},"sceneLighting":true,"audioPlay":false,"sceneViewState":{"m_AlwaysRefresh":false,"showFog":true,"showSkybox":true,"showFlares":true,"showImageEffects":true,"showParticleSystems":true,"showVisualEffectGraphs":true,"m_FxEnabled":false},"in2DMode":false,"pivot":{"x":520.300048828125,"y":19.30294418334961,"z":446.17724609375},"rotation":{"x":0.21579119563102723,"y":-0.008776327595114708,"z":0.0019420647295191885,"w":0.9764023423194885},"size":0.8660253882408142,"orthographic":false}