{"cameraMode":{"drawMode":0,"name":"Shaded","section":"Shading Mode"},"sceneLighting":true,"audioPlay":false,"sceneViewState":{"m_AlwaysRefresh":false,"showFog":true,"showSkybox":true,"showFlares":true,"showImageEffects":true,"showParticleSystems":true,"showVisualEffectGraphs":true,"m_FxEnabled":false},"in2DMode":false,"pivot":{"x":-5.735532283782959,"y":5.442780494689941,"z":-8.681344985961914},"rotation":{"x":0.20905129611492158,"y":-0.006737416610121727,"z":0.00144042051397264,"w":0.9778783917427063},"size":2.2188618183135988,"orthographic":false}