{"cameraMode":{"drawMode":0,"name":"Shaded","section":"Shading Mode"},"sceneLighting":true,"audioPlay":false,"sceneViewState":{"m_AlwaysRefresh":false,"showFog":true,"showSkybox":true,"showFlares":true,"showImageEffects":true,"showParticleSystems":true,"showVisualEffectGraphs":true,"m_FxEnabled":false},"in2DMode":false,"pivot":{"x":526.8549194335938,"y":20.57781982421875,"z":432.15936279296877},"rotation":{"x":0.42779117822647097,"y":0.039934445172548297,"z":-0.018878960981965066,"w":0.9028155207633972},"size":8.241584777832032,"orthographic":false}