{"cameraMode":{"drawMode":0,"name":"Shaded","section":"Shading Mode"},"sceneLighting":true,"audioPlay":false,"sceneViewState":{"m_AlwaysRefresh":false,"showFog":true,"showSkybox":true,"showFlares":true,"showImageEffects":true,"showParticleSystems":true,"showVisualEffectGraphs":true,"m_FxEnabled":false},"in2DMode":false,"pivot":{"x":-3.7614245414733888,"y":7.300961971282959,"z":-9.855472564697266},"rotation":{"x":0.44089967012405398,"y":0.0037778213154524566,"z":-0.0018340942915529013,"w":0.8975617289543152},"size":1.9188621044158936,"orthographic":false}