{"cameraMode":{"drawMode":0,"name":"Shaded","section":"Shading Mode"},"sceneLighting":true,"audioPlay":false,"sceneViewState":{"m_AlwaysRefresh":false,"showFog":true,"showSkybox":true,"showFlares":true,"showImageEffects":true,"showParticleSystems":true,"showVisualEffectGraphs":true,"m_FxEnabled":false},"in2DMode":false,"pivot":{"x":-9.540075302124024,"y":4.705648422241211,"z":-2.0906221866607668},"rotation":{"x":0.16308943927288056,"y":0.32173943519592287,"z":-0.05633427947759628,"w":0.9310002326965332},"size":1.2247419357299805,"orthographic":false}