{"cameraMode":{"drawMode":0,"name":"Shaded","section":"Shading Mode"},"sceneLighting":true,"audioPlay":false,"sceneViewState":{"m_AlwaysRefresh":false,"showFog":true,"showSkybox":true,"showFlares":true,"showImageEffects":true,"showParticleSystems":true,"showVisualEffectGraphs":true,"m_FxEnabled":false},"in2DMode":false,"pivot":{"x":523.4566650390625,"y":-1.0059776306152344,"z":481.0126647949219},"rotation":{"x":0.2143082171678543,"y":-0.015074887312948704,"z":0.003344629891216755,"w":0.9766740202903748},"size":10.600000381469727,"orthographic":false}