{"cameraMode":{"drawMode":0,"name":"Shaded","section":"Shading Mode"},"sceneLighting":true,"audioPlay":false,"sceneViewState":{"m_AlwaysRefresh":false,"showFog":true,"showSkybox":true,"showFlares":true,"showImageEffects":true,"showParticleSystems":true,"showVisualEffectGraphs":true,"m_FxEnabled":false},"in2DMode":false,"pivot":{"x":529.7904052734375,"y":-1.875467300415039,"z":487.82110595703127},"rotation":{"x":0.28820738196372988,"y":0.030741628259420396,"z":-0.009257867000997067,"w":0.9570303559303284},"size":14.7221040725708,"orthographic":false}