{"cameraMode":{"drawMode":0,"name":"Shaded","section":"Shading Mode"},"sceneLighting":true,"audioPlay":false,"sceneViewState":{"m_AlwaysRefresh":false,"showFog":true,"showSkybox":true,"showFlares":true,"showImageEffects":true,"showParticleSystems":true,"showVisualEffectGraphs":true,"m_FxEnabled":false},"in2DMode":false,"pivot":{"x":510.3612365722656,"y":15.204718589782715,"z":466.7695617675781},"rotation":{"x":-0.2603710889816284,"y":-0.004637167323380709,"z":0.0012502013705670834,"w":-0.9654973149299622},"size":2.769162654876709,"orthographic":false}