{"cameraMode":{"drawMode":0,"name":"Shaded","section":"Shading Mode"},"sceneLighting":true,"audioPlay":false,"sceneViewState":{"m_AlwaysRefresh":false,"showFog":true,"showSkybox":true,"showFlares":true,"showImageEffects":true,"showParticleSystems":true,"showVisualEffectGraphs":true,"m_FxEnabled":false},"in2DMode":false,"pivot":{"x":-10.725354194641114,"y":-3.6141858100891115,"z":6.940287113189697},"rotation":{"x":0.2811689078807831,"y":0.0014504629652947188,"z":-0.0004176619986537844,"w":0.9596658945083618},"size":8.66025447845459,"orthographic":false}