{"cameraMode":{"drawMode":0,"name":"Shaded","section":"Shading Mode"},"sceneLighting":true,"audioPlay":false,"sceneViewState":{"m_AlwaysRefresh":false,"showFog":true,"showSkybox":true,"showFlares":true,"showImageEffects":true,"showParticleSystems":true,"showVisualEffectGraphs":true,"m_FxEnabled":false},"in2DMode":false,"pivot":{"x":0.6128004789352417,"y":2.778078556060791,"z":2.4170920848846437},"rotation":{"x":0.1217888817191124,"y":0.016981877386569978,"z":-0.002083933912217617,"w":0.9924070835113525},"size":2.2188618183135988,"orthographic":false}