{"cameraMode":{"drawMode":0,"name":"Shaded","section":"Shading Mode"},"sceneLighting":true,"audioPlay":false,"sceneViewState":{"m_AlwaysRefresh":false,"showFog":true,"showSkybox":true,"showFlares":true,"showImageEffects":true,"showParticleSystems":true,"showVisualEffectGraphs":true,"m_FxEnabled":false},"in2DMode":false,"pivot":{"x":4.020097255706787,"y":41.398094177246097,"z":-24.21073341369629},"rotation":{"x":0.4727499186992645,"y":-0.0482933409512043,"z":0.025989459827542306,"w":0.879508376121521},"size":0.018540101125836374,"orthographic":false}