{"cameraMode":{"drawMode":0,"name":"Shaded","section":"Shading Mode"},"sceneLighting":true,"audioPlay":false,"sceneViewState":{"m_AlwaysRefresh":false,"showFog":true,"showSkybox":true,"showFlares":true,"showImageEffects":true,"showParticleSystems":true,"showVisualEffectGraphs":true,"m_FxEnabled":false},"in2DMode":false,"pivot":{"x":-11.81911563873291,"y":-19.39748191833496,"z":61.811710357666019},"rotation":{"x":0.18899832665920258,"y":-0.02674257382750511,"z":0.005158841609954834,"w":0.9816311597824097},"size":37.89774703979492,"orthographic":false}