{"cameraMode":{"drawMode":0,"name":"Shaded","section":"Shading Mode"},"sceneLighting":true,"audioPlay":false,"sceneViewState":{"m_AlwaysRefresh":false,"showFog":true,"showSkybox":true,"showFlares":true,"showImageEffects":true,"showParticleSystems":true,"showVisualEffectGraphs":true,"m_FxEnabled":false},"in2DMode":false,"pivot":{"x":526.675537109375,"y":0.7290009260177612,"z":485.06988525390627},"rotation":{"x":-0.17401288449764253,"y":-0.00754045182839036,"z":0.0012975902063772083,"w":-0.9847414493560791},"size":10.600000381469727,"orthographic":false}