{"cameraMode":{"drawMode":0,"name":"Shaded","section":"Shading Mode"},"sceneLighting":true,"audioPlay":false,"sceneViewState":{"m_AlwaysRefresh":false,"showFog":true,"showSkybox":true,"showFlares":true,"showImageEffects":true,"showParticleSystems":true,"showVisualEffectGraphs":true,"m_FxEnabled":false},"in2DMode":false,"pivot":{"x":519.1393432617188,"y":22.386638641357423,"z":443.51788330078127},"rotation":{"x":-0.29386791586875918,"y":-0.092169389128685,"z":0.028478657826781274,"w":-0.9509696364402771},"size":0.8660253882408142,"orthographic":false}