{"cameraMode":{"drawMode":0,"name":"Shaded","section":"Shading Mode"},"sceneLighting":true,"audioPlay":false,"sceneViewState":{"m_AlwaysRefresh":false,"showFog":true,"showSkybox":true,"showFlares":true,"showImageEffects":true,"showParticleSystems":true,"showVisualEffectGraphs":true,"m_FxEnabled":false},"in2DMode":false,"pivot":{"x":533.6644287109375,"y":1.369999885559082,"z":472.0836181640625},"rotation":{"x":-0.36056894063949587,"y":-0.024342922493815423,"z":0.009414071217179299,"w":-0.9323666095733643},"size":31.81920051574707,"orthographic":false}