{"cameraMode":{"drawMode":0,"name":"Shaded","section":"Shading Mode"},"sceneLighting":true,"audioPlay":false,"sceneViewState":{"m_AlwaysRefresh":false,"showFog":true,"showSkybox":true,"showFlares":true,"showImageEffects":true,"showParticleSystems":true,"showVisualEffectGraphs":true,"m_FxEnabled":false},"in2DMode":false,"pivot":{"x":525.2613525390625,"y":21.70319366455078,"z":451.5205993652344},"rotation":{"x":0.37742093205451968,"y":0.002789575606584549,"z":-0.001134146936237812,"w":0.9260411262512207},"size":0.8660253882408142,"orthographic":false}