{"cameraMode":{"drawMode":0,"name":"Shaded","section":"Shading Mode"},"sceneLighting":false,"audioPlay":false,"sceneViewState":{"m_AlwaysRefresh":false,"showFog":true,"showSkybox":false,"showFlares":true,"showImageEffects":true,"showParticleSystems":true,"showVisualEffectGraphs":true,"m_FxEnabled":false},"in2DMode":false,"pivot":{"x":523.1155395507813,"y":-0.0000095367431640625,"z":498.1749267578125},"rotation":{"x":0.37742093205451968,"y":0.002789575606584549,"z":-0.001134146936237812,"w":0.9260411262512207},"size":8.66025447845459,"orthographic":false}